Player,Team,Pos,G,AB,R,H,2B,3B,HR,RBI,SB,CS,BB,SO,SH,SF,HBP,AVG,OBP,SLG,OPS
Ozzie Albies,ATL,2B,54,221,32,59,9,2,7,24,4,2,18,41,0,1,1,0.267,0.324,0.421,0.745
Jonathan Villar,BAL,2B,53,215,33,55,14,1,6,24,9,2,16,54,1,1,1,0.256,0.309,0.414,0.723
Whit Merrifield,KC,2B,52,215,40,63,14,6,7,27,8,5,18,35,0,1,2,0.293,0.352,0.512,0.864
Marcus Semien,OAK,SS,54,212,33,57,12,1,5,23,5,3,31,38,0,1,0,0.269,0.361,0.406,0.767
Lorenzo Cain,MIL,OF,50,211,33,55,16,0,4,19,5,3,16,36,0,2,3,0.261,0.319,0.393,0.712
Trevor Story,COL,SS,51,211,44,57,9,1,13,35,8,3,18,63,0,1,4,0.27,0.338,0.507,0.845
Mitch Haniger,SEA,OF,53,210,41,49,13,1,13,28,4,0,25,66,0,2,4,0.233,0.324,0.49,0.814
Domingo Santana,SEA,OF,52,209,26,58,13,1,10,41,4,1,18,64,0,1,2,0.278,0.339,0.493,0.832
Adam Eaton,WAS,OF,52,209,30,58,6,2,5,14,5,2,19,43,2,1,3,0.278,0.345,0.397,0.742
Freddie Freeman,ATL,1B,53,208,38,66,13,1,13,32,0,1,29,39,0,0,2,0.317,0.406,0.577,0.983
Ketel Marte,ARI,2B,52,208,32,57,11,3,12,37,3,0,17,41,0,1,2,0.274,0.333,0.529,0.862
Adalberto Mondesi,KC,SS,51,208,30,60,12,7,5,41,18,3,12,59,1,5,0,0.288,0.32,0.486,0.806
Eduardo Escobar,ARI,SS,52,206,33,59,13,3,12,39,0,1,17,46,0,2,3,0.286,0.346,0.553,0.899
Nolan Arenado,COL,3B,50,206,40,69,14,2,15,44,1,1,16,24,0,3,0,0.335,0.378,0.641,1.019
Jose Abreu,CWS,1B,52,205,25,54,14,0,13,42,2,2,16,55,0,1,1,0.263,0.318,0.522,0.84
Javier Baez,CHC,SS,50,205,37,65,17,1,13,34,2,2,14,67,0,1,0,0.317,0.359,0.6,0.959
Michael Brantley,HOU,OF,52,203,29,65,14,0,10,34,3,2,15,21,0,1,1,0.32,0.368,0.537,0.905
Yoan Moncada,CWS,2B,51,202,33,57,11,2,9,32,5,3,15,61,1,1,2,0.282,0.336,0.49,0.826
Ronald Acuna,ATL,OF,53,202,35,56,6,1,11,31,5,2,25,53,0,0,4,0.277,0.368,0.48,0.848
Paul Goldschmidt,STL,1B,52,201,35,53,4,0,10,25,0,1,28,62,0,0,1,0.264,0.357,0.433,0.79
Eddie Rosario,MIN,OF,50,200,37,57,8,0,16,45,2,0,10,31,0,2,0,0.285,0.316,0.565,0.881
Charlie Blackmon,COL,OF,46,200,35,60,13,5,10,31,2,2,14,40,0,1,4,0.3,0.356,0.565,0.921
Eric Hosmer,SD,1B,52,199,29,59,9,0,8,30,0,0,15,45,0,1,1,0.296,0.347,0.462,0.809
Matt Chapman,OAK,3B,53,199,32,53,13,1,13,31,0,1,25,37,0,2,3,0.266,0.354,0.538,0.892
Mookie Betts,BOS,OF,52,199,42,58,14,0,8,25,6,1,37,34,0,2,2,0.291,0.404,0.482,0.886
Trey Mancini,BAL,1B,50,199,34,61,17,1,10,26,0,0,16,47,0,2,0,0.307,0.355,0.553,0.908
Andrew McCutchen,PHI,OF,52,198,37,51,12,1,8,26,2,1,38,51,0,0,0,0.258,0.377,0.449,0.826
Randal Grichuk,TOR,OF,52,198,26,47,9,1,8,19,1,0,16,63,0,0,1,0.237,0.298,0.414,0.712
Stephen Piscotty,OAK,OF,50,198,25,53,10,1,6,23,2,0,21,47,1,1,1,0.268,0.339,0.419,0.758
Jorge Polanco,MIN,SS,50,197,33,66,14,5,9,26,1,1,24,33,0,1,1,0.335,0.408,0.594,1.002
Nicholas Castellanos,DET,OF,48,197,30,53,15,3,5,18,1,1,13,52,0,2,1,0.269,0.315,0.452,0.767
Jorge Soler,KC,OF,52,197,25,49,13,0,12,33,0,1,14,66,0,2,2,0.249,0.302,0.497,0.799
Rafael Devers,BOS,3B,52,197,37,65,14,0,7,30,7,3,20,33,1,1,1,0.33,0.393,0.508,0.901
Adam Jones,ARI,OF,50,196,25,55,13,0,10,33,1,1,12,30,0,2,4,0.281,0.332,0.5,0.832
Dansby Swanson,ATL,SS,54,195,27,51,7,3,10,35,5,2,17,39,0,5,2,0.262,0.32,0.482,0.802
Amed Rosario,NYM,SS,49,194,17,48,7,3,5,27,4,2,12,52,0,0,0,0.247,0.291,0.392,0.683
Dwight Smith,BAL,OF,50,194,28,52,10,2,9,31,4,0,10,40,0,2,2,0.268,0.308,0.479,0.787
Steven Duggar,SF,OF,49,194,19,47,8,2,3,22,1,4,13,61,0,3,1,0.242,0.289,0.351,0.64
Bryce Harper,PHI,OF,53,194,31,44,14,0,9,34,2,0,37,73,0,1,2,0.227,0.355,0.438,0.793
Xander Bogaerts,BOS,SS,50,194,37,55,14,0,9,33,1,1,29,44,0,1,0,0.284,0.375,0.495,0.87
Starlin Castro,MIA,2B,50,194,12,44,2,0,3,13,1,0,12,26,0,2,0,0.227,0.269,0.284,0.553
Gleyber Torres,NYY,SS,50,193,31,56,11,0,13,29,3,0,13,46,1,2,1,0.29,0.335,0.549,0.884
Paul DeJong,STL,SS,52,193,39,57,17,1,8,26,4,0,29,38,0,1,4,0.295,0.396,0.518,0.914
Jose Ramirez,CLE,3B,52,193,17,38,7,0,4,15,12,2,26,35,0,1,2,0.197,0.297,0.295,0.592
Andrew Benintendi,BOS,OF,48,192,25,50,9,2,5,22,6,1,25,52,2,3,4,0.26,0.353,0.406,0.759
Cesar Hernandez,PHI,2B,52,192,24,58,13,2,5,23,3,1,17,28,0,2,2,0.302,0.362,0.469,0.831
Luke Voit,NYY,1B,51,191,35,49,7,0,13,37,0,0,30,52,0,1,6,0.257,0.373,0.497,0.87
Marcell Ozuna,STL,OF,50,191,38,44,11,0,14,45,4,0,23,44,0,0,1,0.23,0.316,0.508,0.824
Manny Machado,SD,SS,52,191,26,51,6,0,9,26,1,1,22,45,0,2,3,0.267,0.349,0.44,0.789
David Peralta,ARI,OF,46,191,28,59,16,2,7,30,0,0,13,50,0,1,2,0.309,0.357,0.524,0.881
Yuli Gurriel,HOU,1B,49,191,25,49,12,2,4,18,0,2,11,24,0,1,0,0.257,0.296,0.403,0.699
Carlos Correa,HOU,SS,50,190,26,56,13,1,11,35,1,0,20,51,0,3,1,0.295,0.36,0.547,0.907
Freddy Galvis,TOR,SS,50,190,22,50,11,0,7,22,2,1,9,48,0,0,0,0.263,0.296,0.432,0.728
Tommy Pham,TB,OF,49,190,22,55,6,2,8,25,6,3,33,41,0,1,2,0.289,0.398,0.468,0.866
Eugenio Suarez,CIN,3B,52,190,28,52,11,0,14,37,1,2,21,52,0,3,2,0.274,0.347,0.553,0.9
Matt Carpenter,STL,1B,51,189,32,42,8,1,7,17,2,1,32,50,0,1,1,0.222,0.336,0.386,0.722
Josh Bell,PIT,1B,50,189,38,64,17,2,16,47,0,1,22,45,0,2,1,0.339,0.407,0.704,1.111
Nick Ahmed,ARI,SS,53,189,29,51,16,1,3,21,3,0,17,42,0,4,1,0.27,0.327,0.413,0.74
Rhys Hoskins,PHI,OF,52,188,31,50,10,1,13,41,1,1,38,58,0,2,3,0.266,0.394,0.537,0.931
Adam Frazier,PIT,2B,46,188,26,47,9,1,3,13,2,2,12,25,1,0,2,0.25,0.302,0.356,0.658
Ramon Laureano,OAK,OF,53,188,28,47,9,0,5,16,4,1,11,58,0,2,3,0.25,0.299,0.378,0.677
Andrelton Simmons,LAA,SS,46,188,22,56,13,0,3,21,5,1,6,15,0,0,1,0.298,0.323,0.415,0.738
Nick Markakis,ATL,OF,54,188,34,53,14,1,4,27,0,0,31,25,0,4,0,0.282,0.377,0.431,0.808
Mike Moustakas,MIL,3B,48,188,32,49,13,0,13,32,3,0,16,41,0,0,2,0.261,0.325,0.537,0.862
Yadier Molina,STL,C,49,187,18,50,13,0,4,33,4,0,6,16,0,3,2,0.267,0.293,0.401,0.694
Kris Bryant,CHC,3B,50,187,42,53,15,1,12,34,1,0,33,37,0,1,6,0.283,0.405,0.567,0.972
Renato Nunez,BAL,3B,51,186,26,44,7,0,12,29,0,1,11,53,0,0,2,0.237,0.286,0.468,0.754
Brian Anderson,MIA,3B,49,186,12,43,9,0,5,21,3,0,22,46,0,2,2,0.231,0.316,0.36,0.676
George Springer,HOU,OF,48,185,41,57,9,1,17,43,4,1,25,45,0,4,2,0.308,0.389,0.643,1.032
Edwin Encarnacion,SEA,1B,51,184,36,44,6,0,13,34,0,1,31,40,0,3,4,0.239,0.356,0.484,0.84
Pete Alonso,NYM,1B,51,184,32,46,9,1,17,38,0,0,18,61,0,2,5,0.25,0.33,0.587,0.917
Cody Bellinger,LAD,1B,51,184,47,71,12,1,18,48,7,3,31,31,0,3,1,0.386,0.47,0.755,1.225
Alex Bregman,HOU,SS,52,183,32,48,7,0,15,35,2,1,38,33,0,4,3,0.262,0.39,0.546,0.936
DJ LeMahieu,NYY,2B,47,183,32,58,10,0,4,27,2,0,14,26,1,3,2,0.317,0.366,0.437,0.803
Maikel Franco,PHI,3B,51,182,23,40,10,0,7,29,0,0,17,25,0,1,0,0.22,0.285,0.39,0.675
Jurickson Profar,OAK,SS,49,182,22,35,5,1,7,28,4,0,13,28,0,1,4,0.192,0.26,0.346,0.606
Victor Robles,WAS,OF,52,182,33,44,9,1,8,19,9,3,12,53,3,1,9,0.242,0.319,0.434,0.753
Corey Seager,LAD,SS,51,181,32,43,12,0,5,24,1,0,24,41,0,2,2,0.238,0.33,0.387,0.717
Max Kepler,MIN,OF,46,181,35,50,12,0,12,33,1,3,20,30,0,4,2,0.276,0.348,0.541,0.889
J.T. Realmuto,PHI,C,49,181,32,49,11,0,8,32,2,1,13,42,0,3,3,0.271,0.325,0.464,0.789
Joey Votto,CIN,1B,49,181,26,42,8,1,4,9,1,0,25,49,0,1,3,0.232,0.333,0.354,0.687
Shin-Soo Choo,TEX,OF,47,180,33,53,14,2,9,22,2,1,23,49,0,0,5,0.294,0.389,0.544,0.933
Alex Gordon,KC,OF,49,180,31,51,14,0,8,34,3,0,21,30,0,4,9,0.283,0.379,0.494,0.873
Carlos Santana,CLE,1B,51,179,29,51,10,0,9,29,1,0,35,33,0,0,1,0.285,0.405,0.492,0.897
Miguel Cabrera,DET,1B,50,179,14,54,8,0,2,21,0,0,22,43,0,2,1,0.302,0.377,0.38,0.757
Anthony Rizzo,CHC,1B,47,179,35,51,10,1,14,40,2,1,24,28,0,1,11,0.285,0.4,0.587,0.987
Christian Walker,ARI,1B,49,179,25,45,15,1,8,18,3,0,19,64,0,0,2,0.251,0.33,0.48,0.81
Yasiel Puig,CIN,OF,48,179,19,39,4,0,9,29,7,2,10,50,0,2,1,0.218,0.26,0.391,0.651
Tim Anderson,CWS,SS,46,178,28,60,6,0,8,25,13,2,7,36,0,0,2,0.337,0.369,0.506,0.875
Orlando Arcia,MIL,SS,53,178,19,45,6,1,5,18,2,3,18,40,0,0,0,0.253,0.321,0.382,0.703
Jean Segura,PHI,SS,43,178,35,56,12,2,5,23,3,1,11,24,0,0,2,0.315,0.361,0.489,0.85
Leury Garcia,CWS,OF,45,176,31,48,8,0,2,15,7,2,6,47,1,1,4,0.273,0.31,0.352,0.662
Leonys Martin,CLE,OF,47,176,26,41,6,0,6,13,3,4,16,57,3,0,4,0.233,0.311,0.369,0.68
J.D. Martinez,BOS,OF,47,176,28,53,9,0,9,29,1,0,24,32,0,2,2,0.301,0.387,0.506,0.893
Kole Calhoun,LAA,OF,48,176,30,42,11,1,10,28,2,1,22,46,0,2,1,0.239,0.323,0.483,0.806
Starling Marte,PIT,OF,40,174,26,44,10,2,5,19,8,1,5,34,1,0,5,0.253,0.293,0.42,0.713
Nomar Mazara,TEX,OF,45,174,25,43,11,1,6,25,1,0,10,37,0,1,4,0.247,0.302,0.425,0.727
C.J. Cron,MIN,1B,48,173,28,47,8,0,13,34,0,0,14,40,0,2,4,0.272,0.337,0.543,0.88
Josh Donaldson,ATL,3B,50,173,28,45,12,0,7,22,0,1,33,58,0,0,1,0.26,0.382,0.451,0.833
Brett Gardner,NYY,OF,49,173,30,41,9,3,7,18,6,2,19,27,0,1,2,0.237,0.318,0.445,0.763
Hunter Dozier,KC,3B,48,172,26,54,11,3,11,32,1,1,25,38,0,3,2,0.314,0.401,0.605,1.006
Kevin Pillar,SF,OF,47,171,22,40,8,0,6,23,6,0,6,32,0,2,3,0.234,0.269,0.386,0.655
Brandon Lowe,TB,2B,46,171,28,48,10,1,11,30,3,0,12,68,0,1,1,0.281,0.33,0.544,0.874
David Fletcher,LAA,2B,50,171,23,53,7,2,4,18,4,1,13,12,0,0,0,0.31,0.359,0.444,0.803
Justin Turner,LAD,3B,48,171,26,52,6,0,6,23,1,0,21,28,0,3,7,0.304,0.396,0.444,0.84
Max Muncy,LAD,1B,52,171,29,45,7,1,10,31,3,0,25,49,0,2,0,0.263,0.354,0.491,0.845
Robinson Cano,NYM,2B,45,170,15,41,13,0,3,13,0,0,10,36,0,0,1,0.241,0.287,0.371,0.658
Yonder Alonso,CWS,1B,50,170,19,31,5,0,6,22,0,0,26,43,0,0,0,0.182,0.291,0.318,0.609
Brandon Crawford,SF,SS,50,170,18,34,4,1,3,12,1,1,17,48,0,1,1,0.2,0.275,0.288,0.563
Josh Reddick,HOU,OF,47,169,23,55,8,0,4,15,2,1,16,22,0,3,0,0.325,0.378,0.444,0.822
Jonathan Schoop,MIN,2B,46,169,29,45,13,0,10,29,0,0,7,39,0,0,6,0.266,0.319,0.521,0.84
Brian Dozier,WAS,2B,51,169,16,36,5,0,7,15,1,1,21,52,0,0,2,0.213,0.307,0.367,0.674
Christian Yelich,MIL,OF,47,169,42,55,7,0,21,43,10,1,31,35,0,1,3,0.325,0.436,0.74,1.176
Ryon Healy,SEA,1B,47,169,24,40,16,0,7,26,0,0,13,40,0,4,1,0.237,0.289,0.456,0.745
Avisail Garcia,TB,OF,43,168,23,47,8,1,9,22,6,1,13,43,0,0,3,0.28,0.342,0.5,0.842
Kolten Wong,STL,2B,51,168,21,38,6,1,6,25,7,0,22,29,0,2,5,0.226,0.33,0.381,0.711
Tim Beckham,SEA,SS,46,167,22,43,13,0,9,27,1,3,12,53,0,0,1,0.257,0.311,0.497,0.808
Jason Heyward,CHC,OF,48,167,24,39,2,2,7,19,4,1,29,34,0,2,1,0.234,0.347,0.395,0.742
Enrique Hernandez,LAD,2B,49,166,23,36,5,1,7,23,0,0,19,47,0,2,2,0.217,0.302,0.386,0.688
Jose Iglesias,CIN,SS,48,166,17,51,8,1,3,17,1,3,6,24,0,0,1,0.307,0.335,0.422,0.757
Brandon Drury,TOR,3B,44,166,19,36,11,1,5,15,0,0,7,53,0,1,1,0.217,0.251,0.386,0.637
Justin Smoak,TOR,1B,49,165,26,37,6,0,11,30,0,0,36,39,0,1,4,0.224,0.374,0.461,0.835
Elvis Andrus,TEX,SS,40,165,26,54,10,1,6,26,9,2,11,29,0,0,2,0.327,0.376,0.509,0.885
Jeff McNeil,NYM,2B,46,165,20,55,13,1,2,15,0,4,16,20,0,0,8,0.333,0.418,0.461,0.879
Ryan Braun,MIL,OF,49,164,25,46,7,0,9,30,4,1,14,41,0,0,2,0.28,0.344,0.488,0.832
Niko Goodrum,DET,2B,46,164,23,35,10,1,3,13,4,2,23,47,0,2,1,0.213,0.311,0.341,0.652
Mike Trout,LAA,OF,49,163,37,47,13,0,12,30,6,1,46,33,0,2,6,0.288,0.456,0.589,1.045
Miguel Rojas,MIA,SS,48,163,13,41,6,0,0,13,4,2,12,22,0,2,2,0.252,0.307,0.288,0.595
Joe Panik,SF,2B,46,163,19,40,10,0,2,16,1,2,20,21,0,2,2,0.245,0.332,0.344,0.676
Franmil Reyes,SD,OF,51,162,23,41,6,0,15,27,0,0,12,46,0,3,0,0.253,0.299,0.568,0.867
Marwin Gonzalez,MIN,SS,44,162,21,38,6,0,5,17,1,0,18,43,0,0,1,0.235,0.315,0.364,0.679
Kevin Kiermaier,TB,OF,47,161,23,39,8,4,5,20,9,2,13,38,0,1,1,0.242,0.301,0.435,0.736
Jesse Winker,CIN,OF,48,161,27,37,6,0,10,17,0,1,15,31,0,0,3,0.23,0.307,0.453,0.76
Byron Buxton,MIN,OF,49,160,27,41,19,2,4,25,9,3,13,41,0,0,1,0.256,0.316,0.475,0.791
Jake Bauers,CLE,1B,49,160,19,34,5,0,5,18,2,2,20,47,0,1,1,0.213,0.302,0.338,0.64
Juan Soto,WAS,OF,43,160,25,46,10,1,8,35,3,0,26,47,0,1,1,0.288,0.388,0.513,0.901
Dee Gordon,SEA,2B,45,160,16,45,3,1,3,19,12,2,7,25,2,3,1,0.281,0.31,0.369,0.679
Yasmani Grandal,MIL,C,48,160,25,43,4,1,10,28,3,0,29,42,0,3,1,0.269,0.378,0.494,0.872
Evan Longoria,SF,3B,47,160,18,36,10,1,6,19,2,0,17,35,0,0,1,0.225,0.303,0.413,0.716
Albert Pujols,LAA,1B,45,159,18,36,7,0,8,24,0,0,16,25,0,3,2,0.226,0.3,0.421,0.721
Wil Myers,SD,3B,51,159,27,37,6,0,10,20,4,3,18,63,0,0,1,0.233,0.315,0.459,0.774
Rio Ruiz,BAL,3B,50,159,14,38,5,0,4,14,0,0,19,37,0,1,0,0.239,0.318,0.346,0.664
Kyle Schwarber,CHC,OF,47,159,24,36,5,1,8,19,0,2,27,52,0,4,1,0.226,0.335,0.421,0.756
Willy Adames,TB,SS,45,157,24,38,9,1,4,11,1,0,15,46,1,0,1,0.242,0.312,0.389,0.701
Brandon Belt,SF,1B,50,157,22,36,10,2,7,18,1,1,24,40,0,1,2,0.229,0.337,0.452,0.789
Khris Davis,OAK,DH,43,157,23,39,3,0,12,29,0,0,15,42,0,0,1,0.248,0.318,0.497,0.815
Yandy Diaz,TB,3B,41,156,26,40,9,1,9,22,1,0,20,32,0,3,1,0.256,0.339,0.5,0.839
Joey Gallo,TEX,1B,45,155,37,43,11,1,15,35,3,0,39,67,0,1,1,0.277,0.423,0.652,1.075
Jay Bruce,SEA,1B,43,154,23,32,10,0,13,27,0,0,12,50,0,2,1,0.208,0.266,0.526,0.792
Brian Goodwin,LAA,OF,49,154,29,45,9,1,6,18,2,1,16,41,1,2,1,0.292,0.358,0.481,0.839
Jackie Bradley Jr.,BOS,OF,45,153,18,25,6,0,3,11,3,0,17,51,2,1,3,0.163,0.259,0.261,0.52
Asdrubal Cabrera,TEX,2B,44,152,23,33,6,0,9,27,1,0,15,39,0,2,2,0.217,0.292,0.434,0.726
Wilson Ramos,NYM,C,48,152,25,41,4,0,5,31,0,0,17,31,0,1,1,0.27,0.345,0.395,0.74
Rowdy Tellez,TOR,1B,45,152,19,37,7,0,9,25,0,0,10,52,0,1,3,0.243,0.301,0.467,0.768
Albert Almora Jr.,CHC,OF,49,150,22,39,7,0,6,19,2,0,8,27,4,0,1,0.26,0.302,0.427,0.729
David Dahl,COL,OF,42,150,23,46,13,2,3,15,1,2,10,51,1,2,2,0.307,0.354,0.48,0.834
Tommy La Stella,LAA,3B,47,150,27,45,2,0,12,31,0,0,13,12,0,0,3,0.3,0.367,0.553,0.92
Willson Contreras,CHC,C,47,150,26,48,8,0,12,32,1,2,22,45,0,2,7,0.32,0.425,0.613,1.038
Hunter Renfroe,SD,OF,48,149,21,38,9,1,14,29,3,0,8,42,0,1,0,0.255,0.291,0.611,0.902
Mitch Moreland,BOS,1B,46,149,25,34,9,0,13,34,1,0,21,37,0,2,0,0.228,0.32,0.55,0.87
Ian Desmond,COL,OF,46,149,21,34,11,2,5,21,0,1,16,45,0,1,1,0.228,0.305,0.43,0.735
Jose Martinez,STL,1B,52,148,21,45,8,0,3,21,1,0,13,31,0,1,1,0.304,0.362,0.419,0.781
Michael Conforto,NYM,OF,43,147,27,39,9,0,9,21,3,0,30,39,0,2,5,0.265,0.402,0.51,0.912
Jeimer Candelario,DET,3B,38,146,17,28,6,1,2,9,1,1,18,46,0,0,1,0.192,0.285,0.288,0.573
Omar Narvaez,SEA,C,43,146,25,43,4,0,8,20,0,0,15,31,0,1,1,0.295,0.362,0.486,0.848
Ji-Man Choi,TB,1B,40,144,15,37,7,1,4,17,1,2,16,35,0,3,2,0.257,0.333,0.403,0.736
Jose Altuve,HOU,2B,39,144,21,35,6,0,9,21,1,2,18,25,0,1,1,0.243,0.329,0.472,0.801
Jose Peraza,CIN,SS,49,144,14,29,4,0,4,11,4,3,8,24,0,0,3,0.201,0.258,0.313,0.571
Ryan O'Hearn,KC,1B,43,143,16,26,6,1,5,17,0,1,22,39,0,1,1,0.182,0.293,0.343,0.636
Anthony Rendon,WAS,3B,39,143,39,47,18,1,10,31,1,0,19,27,0,1,5,0.329,0.423,0.678,1.101
Ian Kinsler,SD,2B,44,143,18,27,7,0,6,11,1,3,11,25,0,0,2,0.189,0.256,0.364,0.62
Joc Pederson,LAD,OF,47,143,33,36,3,3,15,29,0,0,20,31,0,1,6,0.252,0.365,0.629,0.994
Melky Cabrera,PIT,OF,47,142,15,47,9,0,3,16,2,0,8,16,1,0,0,0.331,0.367,0.458,0.825
Jonathan Lucroy,LAA,C,42,142,22,38,5,0,7,22,0,0,14,21,0,0,1,0.268,0.338,0.451,0.789
Raimel Tapia,COL,OF,47,142,16,40,9,4,5,20,1,2,9,43,0,0,0,0.282,0.325,0.507,0.832
Daniel Vogelbach,SEA,1B,46,142,30,35,7,0,14,30,0,0,32,38,0,1,1,0.246,0.386,0.592,0.978
Billy McKinney,TOR,OF,41,140,17,32,11,0,3,9,0,2,9,34,2,1,1,0.229,0.278,0.371,0.649
Jorge Alfaro,MIA,C,40,140,16,35,2,0,7,16,1,2,8,55,0,0,4,0.25,0.309,0.414,0.723
Buster Posey,SF,C,41,139,12,35,13,0,2,16,0,0,10,25,0,1,0,0.252,0.3,0.388,0.688
Christian Vazquez,BOS,C,42,138,18,40,7,0,7,19,1,2,9,25,0,1,0,0.29,0.331,0.493,0.824
Rougned Odor,TEX,2B,37,138,21,23,4,0,7,23,4,5,12,51,1,0,1,0.167,0.238,0.348,0.586
Neil Walker,MIA,2B,47,137,11,39,8,0,4,12,2,0,16,33,0,0,1,0.285,0.364,0.431,0.795
Dexter Fowler,STL,OF,45,137,20,36,8,0,4,13,3,2,25,39,0,0,6,0.263,0.399,0.409,0.808
Robbie Grossman,OAK,OF,44,135,20,29,7,1,3,14,5,1,22,30,0,1,0,0.215,0.323,0.348,0.671
Hanser Alberto,BAL,3B,40,135,12,40,4,0,3,14,3,0,3,16,0,2,1,0.296,0.312,0.393,0.705
Travis Shaw,MIL,2B,40,135,11,22,4,0,4,8,0,0,17,50,0,0,2,0.163,0.266,0.281,0.547
Alex Verdugo,LAD,OF,50,135,17,42,11,2,4,24,2,0,11,16,0,2,1,0.311,0.362,0.511,0.873
Chad Pinder,OAK,2B,43,134,20,36,9,0,5,18,0,1,6,25,0,2,2,0.269,0.306,0.448,0.754
Jason Kipnis,CLE,2B,35,134,10,29,8,0,2,11,4,0,14,27,1,0,0,0.216,0.291,0.321,0.612
Josh Harrison,DET,2B,35,133,10,23,7,1,1,8,3,2,5,25,0,2,2,0.173,0.211,0.263,0.474
Gary Sanchez,NYY,C,35,132,21,35,2,1,15,31,0,0,12,39,0,0,3,0.265,0.34,0.636,0.976
Billy Hamilton,KC,OF,43,132,22,30,4,2,0,5,10,4,16,35,2,1,0,0.227,0.309,0.288,0.597
Chris Owings,KC,OF,40,131,9,18,4,1,2,9,4,1,8,51,0,0,2,0.137,0.199,0.229,0.428
Clint Frazier,NYY,OF,36,131,20,36,5,0,9,27,1,0,9,35,0,2,0,0.275,0.317,0.519,0.836
Daniel Robertson,TB,2B,44,131,18,26,6,0,2,13,1,0,19,36,0,0,3,0.198,0.314,0.29,0.604
Brandon Nimmo,NYM,OF,43,130,20,26,7,0,3,14,1,0,26,48,1,1,3,0.2,0.344,0.323,0.667
Francisco Lindor,CLE,SS,33,129,18,36,4,0,7,16,5,1,12,24,0,3,2,0.279,0.342,0.473,0.815
Yolmer Sanchez,CWS,3B,44,129,14,29,6,0,1,7,1,1,15,38,2,1,2,0.225,0.313,0.295,0.608
Chris Davis,BAL,1B,43,129,11,22,4,0,5,17,0,0,13,57,0,0,2,0.171,0.257,0.318,0.575
Curtis Granderson,MIA,OF,42,129,17,25,8,0,6,13,0,3,17,43,0,2,2,0.194,0.293,0.395,0.688
Wilmer Flores,ARI,1B,42,128,13,36,9,0,2,14,0,0,6,14,0,1,3,0.281,0.326,0.398,0.724
Jesus Aguilar,MIL,1B,48,128,12,25,4,0,3,22,0,0,21,36,0,3,1,0.195,0.307,0.297,0.604
Gio Urshela,NYY,3B,42,128,18,43,10,0,2,20,1,0,9,22,0,2,3,0.336,0.387,0.461,0.848
Martin Maldonado,KC,C,40,127,13,26,4,0,2,6,0,0,14,28,1,0,4,0.205,0.303,0.283,0.586
Teoscar Hernandez,TOR,OF,39,127,13,24,3,1,3,15,2,1,13,42,0,1,0,0.189,0.262,0.299,0.561
Chris Taylor,LAD,SS,49,126,12,28,8,1,3,17,3,0,13,35,1,1,1,0.222,0.298,0.373,0.671
Manuel Margot,SD,OF,48,126,12,30,5,0,2,10,5,0,4,31,1,0,0,0.238,0.262,0.325,0.587
Austin Meadows,TB,OF,34,126,19,43,8,1,10,27,5,2,14,31,0,0,3,0.341,0.42,0.659,1.079
Nelson Cruz,MIN,DH,35,126,19,34,9,0,7,22,0,0,14,40,0,1,3,0.27,0.354,0.508,0.862
Logan Forsythe,TEX,2B,38,126,21,37,11,1,3,23,1,0,23,34,0,1,2,0.294,0.408,0.468,0.876
Odubel Herrera,PHI,OF,39,126,12,28,10,1,1,16,2,2,11,33,0,1,1,0.222,0.288,0.341,0.629
David Bote,CHC,2B,45,125,18,32,8,0,4,18,0,0,16,36,0,1,2,0.256,0.347,0.416,0.763
Ender Inciarte,ATL,OF,40,124,13,27,5,1,2,9,3,1,12,27,0,1,3,0.218,0.3,0.323,0.623
JaCoby Jones,DET,OF,39,124,13,25,4,0,5,12,5,0,9,44,0,1,4,0.202,0.275,0.355,0.63
Hunter Pence,TEX,OF,36,123,27,38,9,0,11,35,1,1,10,24,0,2,0,0.309,0.356,0.65,1.006
Howie Kendrick,WAS,2B,43,122,21,37,6,0,8,28,1,1,9,22,0,4,1,0.303,0.346,0.549,0.895
Daniel Descalso,CHC,2B,45,122,16,25,5,1,2,14,1,1,14,36,1,1,0,0.205,0.285,0.311,0.596
Colin Moran,PIT,3B,47,122,10,33,6,0,4,23,0,0,11,34,0,1,0,0.27,0.328,0.418,0.746
J.D. Davis,NYM,3B,43,122,17,33,6,0,5,14,0,0,14,29,0,0,0,0.27,0.346,0.443,0.789
Mallex Smith,SEA,OF,34,122,17,20,1,2,2,6,8,1,12,42,0,1,1,0.164,0.243,0.254,0.497
Michael Chavis,BOS,3B,32,122,20,33,2,0,10,26,2,1,16,40,0,0,2,0.27,0.364,0.533,0.897
Danny Jansen,TOR,C,40,122,8,21,4,0,2,10,0,0,11,36,1,1,1,0.172,0.244,0.254,0.498
Robinson Chirinos,HOU,C,41,121,22,29,9,0,6,21,0,1,22,40,2,3,5,0.24,0.371,0.463,0.834
Wilmer Difo,WAS,2B,39,121,14,28,2,0,2,7,0,1,12,27,1,0,0,0.231,0.301,0.298,0.599
Josh Phegley,OAK,C,41,121,20,34,9,0,6,31,0,0,5,24,0,0,3,0.281,0.326,0.504,0.83
Ben Gamel,MIL,OF,49,119,21,32,6,0,4,14,1,1,15,41,0,1,3,0.269,0.362,0.42,0.782
Tucker Barnhart,CIN,C,43,118,16,23,3,0,5,14,0,0,17,35,1,0,0,0.195,0.296,0.347,0.643
Grayson Greiner,DET,C,33,118,8,20,3,0,3,10,0,0,9,40,0,1,1,0.169,0.233,0.271,0.504
Joey Rickard,BAL,OF,42,118,10,24,7,2,2,6,3,2,14,33,0,0,3,0.203,0.304,0.347,0.651
Austin Hedges,SD,C,36,118,10,23,2,0,6,15,0,0,7,37,0,0,4,0.195,0.264,0.364,0.628
Ronny Rodriguez,DET,SS,32,117,16,28,9,3,6,19,2,1,6,39,0,3,0,0.239,0.27,0.521,0.791
Austin Barnes,LAD,C,40,117,17,27,7,0,4,15,2,0,17,28,0,1,4,0.231,0.345,0.393,0.738
Yan Gomes,WAS,C,37,117,8,28,6,0,2,16,0,0,12,33,0,0,2,0.239,0.321,0.342,0.663
Ryan McMahon,COL,1B,37,116,21,29,4,0,5,17,1,0,16,35,0,0,0,0.25,0.341,0.414,0.755
James McCann,CWS,C,32,115,17,37,9,0,4,12,3,0,6,29,0,0,1,0.322,0.361,0.504,0.865
Martin Prado,MIA,3B,38,115,13,28,5,0,1,10,0,0,5,19,0,2,0,0.243,0.27,0.313,0.583
Jarrod Dyson,ARI,OF,39,111,24,30,1,1,3,12,12,1,17,26,0,1,1,0.27,0.369,0.378,0.747
Eric Thames,MIL,1B,51,111,20,26,4,0,5,20,1,1,21,46,0,1,2,0.234,0.363,0.405,0.768
Tony Wolters,COL,C,35,110,15,34,10,1,1,16,0,0,9,19,1,3,0,0.309,0.352,0.445,0.797
Danny Santana,TEX,OF,32,109,22,33,7,1,4,13,6,1,5,36,0,1,3,0.303,0.347,0.495,0.842
Francisco Cervelli,PIT,C,34,109,11,21,3,0,1,5,1,0,9,31,1,0,4,0.193,0.279,0.248,0.527
Kendrys Morales,OAK,DH,34,108,9,22,1,1,1,7,0,0,14,20,0,1,3,0.204,0.31,0.259,0.569
Derek Dietrich,CIN,1B,49,108,20,26,2,1,13,28,1,1,13,25,0,1,7,0.241,0.357,0.639,0.996
Richie Martin,BAL,SS,42,107,11,19,5,2,1,4,2,0,7,38,1,0,1,0.178,0.235,0.29,0.525
Christin Stewart,DET,OF,32,107,8,22,8,1,3,16,0,0,16,30,0,3,1,0.206,0.307,0.383,0.69
Eloy Jimenez,CWS,OF,28,106,11,23,2,0,6,11,0,0,5,36,0,0,1,0.217,0.259,0.406,0.665
Roberto Perez,CLE,C,36,106,12,24,2,0,6,15,0,0,16,37,1,1,1,0.226,0.331,0.415,0.746
Carlos Gonzalez,CLE,OF,30,105,13,22,1,0,2,7,0,1,10,33,0,1,1,0.21,0.282,0.276,0.558
Johan Camargo,ATL,3B,41,105,12,22,4,1,2,13,1,0,7,19,0,0,0,0.21,0.259,0.324,0.583
Stevie Wilkerson,BAL,2B,30,104,14,26,5,0,5,14,1,2,5,33,0,0,1,0.25,0.291,0.442,0.733
A.J. Pollock,LAD,OF,28,103,15,23,3,1,2,14,0,1,9,23,0,2,1,0.223,0.287,0.33,0.617
Eric Sogard,TOR,2B,27,103,16,28,6,1,4,13,3,0,13,13,3,0,1,0.272,0.359,0.466,0.825
Fernando Tatis Jr.,SD,SS,27,100,14,30,5,1,6,13,6,2,8,32,0,1,2,0.3,0.36,0.55,0.91
Tyler White,HOU,1B,33,99,8,23,5,0,1,7,0,0,13,37,0,1,0,0.232,0.319,0.313,0.632
Gregory Polanco,PIT,OF,25,99,16,26,6,1,5,14,0,1,8,22,0,0,1,0.263,0.324,0.495,0.819
Justin Bour,LAA,1B,30,98,10,16,3,0,4,14,0,0,13,31,0,0,1,0.163,0.268,0.316,0.584
Aledmys Diaz,HOU,SS,32,98,17,28,5,1,5,22,0,0,7,13,0,4,0,0.286,0.321,0.51,0.831
Harrison Bader,STL,OF,39,98,16,26,4,1,4,13,1,3,13,33,1,0,5,0.265,0.379,0.449,0.828
Jake Marisnick,HOU,OF,42,97,19,27,6,1,6,13,3,2,5,34,1,0,4,0.278,0.34,0.546,0.886
Zack Cozart,LAA,3B,38,97,4,12,2,0,0,7,0,0,5,16,0,3,2,0.124,0.178,0.144,0.322
Pablo Sandoval,SF,3B,48,97,15,29,11,0,7,18,1,0,4,28,0,0,0,0.299,0.327,0.629,0.956
Tyler Flowers,ATL,C,29,97,10,26,1,2,5,10,0,0,7,33,0,0,2,0.268,0.33,0.474,0.804
Hernan Perez,MIL,2B,38,96,12,24,3,0,5,10,3,1,5,29,0,0,0,0.25,0.287,0.438,0.725
Juan Lagares,NYM,OF,46,95,14,18,3,0,2,12,2,1,8,31,1,1,2,0.189,0.264,0.284,0.548
Mike Tauchman,NYY,OF,34,95,16,20,7,0,4,13,1,0,13,33,0,0,0,0.211,0.306,0.411,0.717
Vladimir Guerrero Jr.,TOR,3B,25,95,10,23,3,0,5,11,0,1,10,19,0,0,0,0.242,0.314,0.432,0.746
Bryan Reynolds,PIT,OF,30,94,12,30,8,0,5,14,0,0,8,22,0,0,0,0.319,0.373,0.564,0.937
Garrett Hampson,COL,SS,31,93,10,18,2,1,1,6,1,2,4,26,1,1,0,0.194,0.224,0.269,0.493
John Hicks,DET,C,28,92,7,21,7,0,2,7,1,0,6,28,0,1,0,0.228,0.273,0.37,0.643
Mike Zunino,TB,C,26,91,11,20,6,1,3,17,0,0,4,25,0,0,1,0.22,0.26,0.407,0.667
Daniel Murphy,COL,2B,28,91,12,20,6,1,3,19,0,0,9,13,0,1,0,0.22,0.287,0.407,0.694
Tyler Naquin,CLE,OF,30,90,7,25,6,0,1,10,3,0,5,26,1,0,0,0.278,0.316,0.378,0.694
Isiah Kiner-Falefa,TEX,C,31,90,12,20,6,1,1,12,1,0,10,26,1,0,1,0.222,0.307,0.344,0.651
Nick Senzel,CIN,2B,21,90,15,23,2,2,3,8,5,3,10,27,0,0,0,0.256,0.33,0.422,0.752
Carson Kelly,ARI,C,33,90,11,22,8,0,4,12,0,0,11,18,0,0,1,0.244,0.333,0.467,0.8
Jung Ho Kang,PIT,3B,31,90,6,12,3,0,4,8,0,0,8,31,0,0,0,0.133,0.204,0.3,0.504
Cole Tucker,PIT,SS,29,89,8,14,3,0,2,6,0,0,5,29,1,0,0,0.157,0.202,0.258,0.46
Delino DeShields Jr.,TEX,OF,32,88,11,16,4,1,1,10,8,1,17,21,2,0,1,0.182,0.321,0.284,0.605
Eduardo Nunez,BOS,2B,30,88,7,18,3,0,1,11,4,1,2,15,1,1,0,0.205,0.22,0.273,0.493
Kurt Suzuki,WAS,C,28,88,10,23,3,0,5,17,0,1,4,18,0,1,2,0.261,0.305,0.466,0.771
Mark Reynolds,COL,1B,45,88,10,17,5,0,4,16,1,0,14,34,0,2,2,0.193,0.311,0.386,0.697
Todd Frazier,NYM,3B,28,87,6,19,2,1,2,9,1,1,4,27,0,0,2,0.218,0.269,0.333,0.602
Willians Astudillo,MIN,C,26,87,13,23,6,0,2,9,0,0,2,3,0,4,1,0.264,0.277,0.402,0.679
Pedro Severino,BAL,C,28,87,8,24,4,0,5,12,0,0,9,20,1,0,2,0.276,0.357,0.494,0.851
Rosell Herrera,MIA,OF,44,86,7,17,5,0,0,9,4,1,7,20,0,0,2,0.198,0.274,0.256,0.53
Gerardo Parra,SF,OF,30,86,8,17,3,0,1,6,2,1,8,18,0,1,2,0.198,0.278,0.267,0.545
Brian McCann,ATL,C,25,86,9,25,4,0,3,18,0,0,10,11,0,4,1,0.291,0.356,0.442,0.798
Welington Castillo,CWS,C,26,85,4,15,3,0,3,10,0,0,10,26,0,0,3,0.176,0.286,0.318,0.604
Steve Pearce,BOS,1B,27,84,9,15,3,0,1,8,0,0,7,30,0,1,1,0.179,0.247,0.25,0.497
Greg Garcia,SD,2B,38,84,17,22,7,0,2,9,0,1,14,25,0,1,0,0.262,0.364,0.417,0.781
Ryan Cordell,CWS,OF,32,84,7,19,3,0,3,11,2,0,8,29,3,0,2,0.226,0.309,0.369,0.678
Ben Zobrist,CHC,2B,26,83,12,20,1,0,0,10,0,0,14,12,0,2,0,0.241,0.343,0.253,0.596
Jeff Mathis,TEX,C,27,81,9,13,2,0,1,2,0,0,5,25,0,0,0,0.16,0.209,0.222,0.431
Scott Schebler,CIN,OF,30,81,11,10,2,0,2,7,0,1,14,27,0,0,0,0.123,0.253,0.222,0.475
Jordan Luplow,CLE,OF,29,81,14,20,3,0,6,11,2,1,7,28,0,1,0,0.247,0.303,0.506,0.809
Mitch Garver,MIN,C,25,79,20,26,4,1,9,19,0,0,11,20,0,0,1,0.329,0.418,0.747,1.165
Ehire Adrianza,MIN,SS,33,78,12,18,1,0,4,12,0,0,10,15,0,2,3,0.231,0.333,0.397,0.73
Matt Adams,WAS,1B,33,77,9,20,5,0,4,14,0,0,3,29,0,1,0,0.26,0.284,0.481,0.765
Gordon Beckham,DET,2B,27,77,12,19,5,2,3,5,1,1,8,26,0,0,3,0.247,0.341,0.481,0.822
Jason Castro,MIN,C,26,76,20,18,5,0,7,17,0,0,11,24,0,0,2,0.237,0.348,0.579,0.927
Mark Canha,OAK,OF,29,76,15,17,3,0,8,15,0,2,13,20,0,1,3,0.224,0.355,0.579,0.934
Lewis Brinson,MIA,OF,27,76,4,15,5,0,0,4,0,1,2,28,1,0,3,0.197,0.247,0.263,0.51
Ty France,SD,3B,26,76,7,18,3,1,2,9,0,1,4,20,0,1,3,0.237,0.298,0.382,0.68
Ronald Guzman,TEX,1B,25,75,10,15,7,0,4,12,0,1,8,27,0,0,0,0.2,0.277,0.453,0.73
Tony Kemp,HOU,OF,32,75,13,17,2,2,2,5,2,1,7,16,1,1,1,0.227,0.298,0.387,0.685
Austin Romine,NYY,C,22,75,8,17,2,0,1,11,0,0,1,15,1,0,0,0.227,0.237,0.293,0.53
Ryan Zimmerman,WAS,1B,22,75,7,16,3,0,3,11,0,0,10,18,0,1,0,0.213,0.302,0.373,0.675
Yangervis Solarte,SF,2B,28,73,9,15,5,0,1,7,0,0,4,16,1,0,0,0.205,0.247,0.315,0.562
Aaron Judge,NYY,OF,20,73,13,21,2,0,5,11,2,1,14,26,0,1,1,0.288,0.404,0.521,0.925
Curt Casali,CIN,C,32,72,6,20,5,0,1,11,0,0,7,19,0,0,1,0.278,0.35,0.389,0.739
Elias Diaz,PIT,C,22,72,7,18,2,0,0,5,0,0,3,13,0,0,0,0.25,0.28,0.278,0.558
Matt Olson,OAK,1B,20,72,11,18,3,0,5,8,0,0,9,20,0,0,2,0.25,0.349,0.5,0.849
Jose Rondon,CWS,DH,26,72,6,14,3,0,2,5,0,0,3,25,0,0,1,0.194,0.237,0.319,0.556
David Freese,LAD,3B,36,71,15,17,5,0,4,14,0,0,18,20,0,0,0,0.239,0.393,0.479,0.872
Ildemaro Vargas,ARI,2B,29,70,12,17,3,0,2,8,1,0,0,11,0,0,0,0.243,0.243,0.371,0.614
Charlie Tilson,CWS,OF,20,69,10,21,2,0,1,7,3,0,4,20,0,0,2,0.304,0.36,0.377,0.737
Cameron Maybin,NYY,OF,25,66,11,17,4,0,1,7,3,2,12,20,0,0,0,0.258,0.372,0.364,0.736
Kyle Farmer,CIN,C,37,64,10,15,3,0,5,15,2,1,3,21,0,1,1,0.234,0.275,0.516,0.791
Cedric Mullins,BAL,OF,22,64,7,6,0,2,0,4,1,0,4,14,2,1,3,0.094,0.181,0.156,0.337
Kevin Newman,PIT,SS,24,63,5,22,6,1,0,6,1,0,6,13,0,0,1,0.349,0.414,0.476,0.89
Nicky Delmonico,CWS,OF,21,63,6,13,2,0,1,6,0,1,4,25,0,0,1,0.206,0.265,0.286,0.551
Jordy Mercer,DET,SS,19,63,3,13,4,0,1,3,0,0,5,13,0,0,1,0.206,0.275,0.317,0.592
Jesus Sucre,BAL,C,21,62,3,13,2,0,0,3,0,0,4,13,0,0,1,0.21,0.269,0.242,0.511
Nick Hundley,OAK,C,27,62,5,14,3,1,2,5,0,1,2,15,0,0,1,0.226,0.262,0.403,0.665
John Ryan Murphy,ARI,C,25,62,9,11,3,0,4,7,0,0,6,28,1,0,0,0.177,0.25,0.419,0.669
Kevan Smith,LAA,C,22,62,9,18,6,0,1,5,1,0,9,8,0,0,2,0.29,0.397,0.435,0.832
Shohei Ohtani,LAA,DH,16,62,4,14,0,0,2,9,0,0,7,18,0,1,1,0.226,0.31,0.323,0.633
Nick Williams,PHI,OF,38,61,7,11,2,0,1,4,0,0,2,18,0,0,2,0.18,0.231,0.262,0.493
Brandon Dixon,DET,1B,24,61,6,19,4,0,4,14,1,0,2,24,0,0,0,0.311,0.333,0.574,0.907
Trea Turner,WAS,SS,14,60,8,15,5,0,2,6,6,0,3,12,0,0,0,0.25,0.286,0.433,0.719
Matt Kemp,CIN,OF,20,60,4,12,2,0,1,5,0,0,1,19,0,1,0,0.2,0.21,0.283,0.493
Luke Maile,TOR,C,22,59,4,8,1,0,2,5,0,0,4,17,1,0,0,0.136,0.19,0.254,0.444
Jon Berti,MIA,2B,22,59,12,14,2,0,2,4,1,0,7,16,0,1,1,0.237,0.324,0.373,0.697
Tyler Austin,SF,1B,30,58,14,15,1,1,5,13,0,0,8,26,0,0,0,0.259,0.348,0.569,0.917
Kevin Plawecki,CLE,C,23,57,4,8,5,0,1,2,0,0,6,12,0,0,1,0.14,0.234,0.281,0.515
Tom Murphy,SEA,C,18,57,3,16,3,0,2,4,0,0,3,26,0,0,0,0.281,0.317,0.439,0.756
Kelvin Gutierrez,KC,3B,15,57,4,16,1,1,1,11,1,0,2,18,0,1,0,0.281,0.3,0.386,0.686
Scott Kingery,PHI,SS,21,56,9,20,7,0,2,7,2,0,2,14,0,0,2,0.357,0.4,0.589,0.989
Chris Iannetta,COL,C,18,56,6,14,6,0,3,7,0,0,7,23,0,0,1,0.25,0.344,0.518,0.862
Michael Taylor,WAS,OF,28,55,4,13,5,0,0,1,2,0,6,26,1,0,0,0.236,0.311,0.327,0.638
Max Stassi,HOU,C,18,54,3,9,0,0,1,3,0,0,4,18,0,0,1,0.167,0.237,0.222,0.459
Isaac Galloway,MIA,OF,19,54,6,9,1,0,0,1,2,0,0,17,0,0,0,0.167,0.167,0.185,0.352
Francisco Mejia,SD,C,19,54,2,9,3,1,0,3,0,0,2,18,0,1,1,0.167,0.207,0.259,0.466
Luis Rengifo,LAA,2B,16,54,5,12,2,1,0,3,0,0,5,15,0,1,0,0.222,0.283,0.296,0.579
J.P. Crawford,SEA,SS,15,54,6,14,5,0,1,4,0,1,5,18,0,0,0,0.259,0.322,0.407,0.729
Blake Swihart,ARI,C,26,54,8,8,0,0,3,8,0,0,4,23,0,0,0,0.148,0.207,0.315,0.522
Russell Martin,LAD,C,20,53,10,14,2,0,2,4,0,0,9,14,0,2,4,0.264,0.397,0.415,0.812
Adam Engel,CWS,OF,26,52,7,11,2,1,1,4,0,1,4,20,1,0,1,0.212,0.281,0.346,0.627
Dylan Moore,SEA,SS,29,52,7,11,3,0,2,5,2,1,5,23,0,0,3,0.212,0.317,0.385,0.702
Garrett Cooper,MIA,1B,16,51,6,10,0,0,2,7,0,0,5,14,0,0,2,0.196,0.293,0.314,0.607
Cam Gallagher,KC,C,17,51,5,7,0,0,0,4,0,0,3,8,1,1,0,0.137,0.182,0.137,0.319
Mac Williamson,SF,OF,15,51,3,6,1,0,1,7,2,0,5,18,0,0,1,0.118,0.211,0.196,0.407
Erik Gonzalez,PIT,2B,16,51,2,11,2,1,0,2,3,0,6,13,2,0,0,0.216,0.298,0.294,0.592
Guillermo Heredia,TB,OF,29,50,6,14,4,0,1,6,0,0,6,16,2,0,2,0.28,0.379,0.42,0.799
Lourdes Gurriel,TOR,2B,16,50,7,13,5,0,3,11,1,1,3,14,0,0,1,0.26,0.315,0.54,0.855
Tyler Wade,NYY,2B,20,49,8,10,0,0,0,5,5,0,7,18,2,0,1,0.204,0.316,0.204,0.52
Hanley Ramirez,CLE,1B,16,49,4,9,1,0,2,8,0,0,8,17,0,0,0,0.184,0.298,0.327,0.625
Keon Broxton,NYM,OF,34,49,5,7,1,0,0,2,4,1,4,22,0,0,0,0.143,0.208,0.163,0.371
Matt Joyce,ATL,OF,40,48,6,12,4,0,2,5,0,0,7,13,0,0,0,0.25,0.345,0.458,0.803
Chad Wallach,MIA,C,19,48,4,12,3,0,1,3,0,0,6,12,0,0,0,0.25,0.333,0.375,0.708
Austin Riley,ATL,3B,12,48,8,16,2,0,5,14,0,1,2,18,0,0,1,0.333,0.373,0.688,1.061
Dominic Smith,NYM,1B,42,47,13,16,4,0,1,6,0,0,9,10,0,0,1,0.34,0.456,0.489,0.945
Miguel Andujar,NYY,3B,12,47,1,6,0,0,0,1,0,0,1,11,0,1,0,0.128,0.143,0.128,0.271
J.B. Shuck,PIT,OF,27,47,4,10,0,1,0,2,1,1,8,10,1,0,1,0.213,0.339,0.255,0.594
Lucas Duda,KC,1B,18,46,3,8,1,0,2,8,0,0,9,13,0,1,0,0.174,0.304,0.326,0.63
Nicky Lopez,KC,2B,11,46,6,12,3,0,0,1,0,0,6,8,0,0,0,0.261,0.346,0.326,0.672
Manny Pina,MIL,C,23,45,3,6,2,0,1,2,0,0,3,14,0,0,2,0.133,0.22,0.244,0.464
Peter Bourjos,LAA,OF,26,44,4,4,1,0,0,2,2,0,1,15,0,1,0,0.091,0.109,0.114,0.223
Jedd Gyorko,STL,3B,29,44,3,8,0,0,1,5,1,0,3,13,0,0,0,0.182,0.234,0.25,0.484
Thairo Estrada,NYY,2B,21,44,8,14,3,0,3,11,2,0,2,12,1,0,0,0.318,0.348,0.591,0.939
Dustin Peterson,DET,OF,17,44,3,10,4,0,0,6,1,0,2,14,0,0,1,0.227,0.277,0.318,0.595
Alen Hanson,TOR,2B,18,43,5,7,0,0,0,4,1,0,3,17,0,1,1,0.163,0.229,0.163,0.392
Phil Gosselin,PHI,2B,24,42,2,10,3,0,0,6,0,0,0,9,0,0,0,0.238,0.238,0.31,0.548
Andrew Knapp,PHI,C,26,42,6,7,2,0,1,1,0,0,12,14,0,0,0,0.167,0.352,0.286,0.638
Peter O'Brien,MIA,1B,14,42,2,7,1,0,1,4,1,0,4,19,0,0,1,0.167,0.255,0.262,0.517
Charlie Culberson,ATL,SS,33,42,6,16,2,0,3,10,0,1,1,13,0,1,0,0.381,0.386,0.643,1.029
Sandy Leon,BOS,C,16,42,3,7,1,0,1,5,0,0,6,8,1,0,1,0.167,0.286,0.262,0.548
Stephen Vogt,SF,C,17,41,4,11,5,0,1,3,0,0,3,14,0,0,0,0.268,0.318,0.463,0.781
Addison Russell,CHC,SS,16,41,5,10,1,0,2,4,0,0,3,10,1,0,0,0.244,0.295,0.415,0.71
Jake Cave,MIN,OF,18,41,4,9,2,0,0,3,0,0,7,13,0,0,1,0.22,0.347,0.268,0.615
Eric Stamets,CLE,SS,15,41,4,2,1,0,0,2,0,0,5,24,1,1,0,0.049,0.149,0.073,0.222
Greg Allen,CLE,OF,20,41,4,4,2,0,0,6,0,0,2,16,0,1,1,0.098,0.156,0.146,0.302
Richard Urena,TOR,SS,16,40,2,10,3,0,0,0,0,0,1,13,2,0,0,0.25,0.268,0.325,0.593
Pablo Reyes,PIT,OF,23,39,5,5,0,0,0,3,0,0,3,14,0,0,0,0.128,0.19,0.128,0.318
Michael Perez,TB,C,15,39,6,10,5,0,0,2,0,0,6,15,0,0,1,0.256,0.37,0.385,0.755
Keston Hiura,MIL,2B,11,39,3,10,0,0,2,2,1,0,1,17,0,0,2,0.256,0.31,0.41,0.72
Carter Kieboom,WAS,SS,11,39,4,5,0,0,2,2,0,0,4,16,0,0,0,0.128,0.209,0.282,0.491
Socrates Brito,TOR,OF,17,39,5,3,0,1,0,2,0,0,4,17,0,0,0,0.077,0.163,0.128,0.291
Yairo Munoz,STL,SS,24,38,6,13,2,0,0,0,0,1,1,6,0,0,0,0.342,0.359,0.395,0.754
Tyler O'Neill,STL,OF,21,38,4,10,2,0,1,4,0,0,1,18,0,0,0,0.263,0.282,0.395,0.677
Austin Wynns,BAL,C,13,38,3,9,1,0,0,2,0,0,2,7,1,0,0,0.237,0.275,0.263,0.538
Harold Ramirez,MIA,OF,11,38,8,15,3,0,1,2,0,0,2,8,0,0,1,0.395,0.439,0.553,0.992
Austin Dean,MIA,OF,11,38,3,7,3,0,1,6,0,0,1,10,0,1,0,0.184,0.2,0.342,0.542
Brad Miller,CLE,2B,13,36,4,9,3,0,1,4,1,0,4,10,0,0,0,0.25,0.325,0.417,0.742
Greg Bird,NYY,1B,10,35,6,6,0,0,1,1,0,0,6,16,0,0,0,0.171,0.293,0.257,0.55
Nate Lowe,TB,1B,9,35,4,9,2,0,0,1,0,0,2,10,0,1,0,0.257,0.289,0.314,0.603
Mark Zagunis,CHC,OF,29,35,2,9,3,0,0,5,0,0,4,15,0,0,0,0.257,0.333,0.343,0.676
Jonathan Davis,TOR,OF,11,35,2,4,0,0,0,0,1,0,0,10,0,0,0,0.114,0.114,0.114,0.228
Jason Martin,PIT,OF,17,35,3,8,2,0,0,2,2,0,3,10,0,0,0,0.229,0.289,0.286,0.575
Daniel Palka,CWS,OF,13,35,0,1,0,0,0,2,0,0,6,15,0,0,1,0.029,0.19,0.029,0.219
Aaron Hicks,NYY,OF,9,35,8,7,0,0,1,6,0,0,7,14,0,1,0,0.2,0.326,0.286,0.612
Erik Kratz,SF,C,15,32,1,4,2,0,1,3,0,0,2,6,0,0,2,0.125,0.222,0.281,0.503
JT Riddle,MIA,SS,15,32,3,5,0,0,2,3,0,0,0,11,0,0,0,0.156,0.156,0.344,0.5
Adeiny Hechavarria,NYM,SS,14,32,5,6,2,0,2,6,1,0,2,7,0,0,0,0.188,0.235,0.438,0.673
Miguel Sano,MIN,3B,8,32,11,8,2,0,5,9,0,0,4,13,0,1,0,0.25,0.324,0.781,1.105
Max Moroff,CLE,2B,20,32,3,4,1,0,1,4,1,0,2,16,1,0,0,0.125,0.176,0.25,0.426
Dawel Lugo,DET,2B,9,31,2,7,0,0,1,4,0,0,1,6,0,1,1,0.226,0.265,0.323,0.588
Tomas Nido,NYM,C,12,31,2,6,1,0,2,5,0,0,0,11,0,0,0,0.194,0.194,0.419,0.613
Alex Avila,ARI,C,16,31,7,8,2,0,2,6,0,0,12,10,0,0,1,0.258,0.477,0.516,0.993
Gerardo Parra,WAS,OF,11,31,6,10,2,0,2,9,2,0,3,6,0,0,0,0.323,0.382,0.581,0.963
Kendrys Morales,NYY,DH,8,30,3,5,0,0,1,4,0,0,7,2,0,0,0,0.167,0.324,0.267,0.591
Mike Freeman,CLE,SS,18,30,4,6,1,0,0,5,0,2,10,11,2,1,0,0.2,0.39,0.233,0.623
Victor Caratini,CHC,C,13,30,6,11,3,0,1,5,0,0,7,9,0,0,1,0.367,0.5,0.567,1.067
Terrance Gore,KC,OF,20,30,6,10,1,1,0,1,5,4,1,11,0,0,0,0.333,0.355,0.433,0.788
Pat Valaika,COL,2B,17,29,3,2,1,0,0,0,0,0,4,15,0,0,0,0.069,0.182,0.103,0.285
Aaron Altherr,PHI,OF,22,29,2,1,1,0,0,1,0,0,1,9,0,0,0,0.034,0.067,0.069,0.136
Sean Rodriguez,PHI,2B,13,29,5,8,3,0,1,4,0,0,3,8,1,0,1,0.276,0.364,0.483,0.847
Travis d'Arnaud,TB,C,10,29,0,3,0,0,0,0,0,0,2,11,0,0,0,0.103,0.161,0.103,0.264
Mike Ford,NYY,1B,10,28,6,5,1,0,1,2,0,0,8,10,0,0,1,0.179,0.378,0.321,0.699
Oscar Mercado,CLE,OF,9,27,6,8,3,0,1,4,0,1,2,6,0,0,2,0.296,0.387,0.519,0.906
Patrick Wisdom,TEX,3B,9,26,1,4,1,0,0,1,0,0,1,15,1,0,0,0.154,0.185,0.192,0.377
Blake Swihart,BOS,C,12,26,4,6,1,0,1,4,0,0,2,7,0,0,1,0.231,0.31,0.385,0.695
Brendan Rodgers,COL,2B,7,26,4,8,1,0,0,5,0,0,0,10,0,0,0,0.308,0.308,0.346,0.654
Roman Quinn,PHI,OF,7,25,1,3,0,0,0,1,0,0,2,14,0,0,0,0.12,0.185,0.12,0.305
Matt Beaty,LAD,1B,10,25,2,6,0,0,0,5,0,0,0,4,0,0,0,0.24,0.24,0.24,0.48
Luis Urias,SD,2B,11,24,2,2,1,0,0,0,0,0,4,11,0,0,1,0.083,0.241,0.125,0.366
Tim Locastro,ARI,2B,14,24,8,7,2,0,0,3,2,0,3,7,0,0,7,0.292,0.5,0.375,0.875
Matt Wieters,STL,C,15,24,1,8,0,0,1,6,1,1,0,7,0,1,1,0.333,0.346,0.458,0.804
Carlos Gomez,NYM,OF,10,24,4,4,1,0,1,4,2,0,4,9,0,0,2,0.167,0.333,0.333,0.666
Travis d'Arnaud,NYM,C,10,23,2,2,0,0,0,2,0,0,2,5,0,0,0,0.087,0.16,0.087,0.247
Willie Calhoun,TEX,OF,6,23,5,10,1,0,2,7,0,0,1,2,0,0,0,0.435,0.458,0.739,1.197
Shed Long,SEA,2B,7,23,0,4,2,0,0,0,1,1,4,6,0,0,0,0.174,0.296,0.261,0.557
Mikie Mahtook,DET,OF,9,23,0,0,0,0,0,0,0,0,2,11,0,0,0,0,0.08,0,0.08
Harold Castro,DET,2B,9,22,1,5,1,0,0,0,0,0,1,4,0,0,0,0.227,0.261,0.273,0.534
Joey Wendle,TB,2B,8,22,0,3,1,0,0,2,0,0,0,6,0,0,3,0.136,0.24,0.182,0.422
Donovan Solano,SF,2B,10,22,2,4,1,0,0,2,0,0,2,5,0,1,0,0.182,0.24,0.227,0.467
Dustin Pedroia,BOS,2B,6,20,1,2,0,0,0,1,0,0,1,2,0,0,0,0.1,0.143,0.1,0.243
Jake Elmore,PIT,2B,11,20,0,1,0,0,0,0,0,0,0,3,0,0,0,0.05,0.05,0.05,0.1
Braden Bishop,SEA,OF,8,20,1,2,0,0,0,2,0,0,0,7,0,0,0,0.1,0.1,0.1,0.2
Tzu-Wei Lin,BOS,SS,13,20,3,4,2,0,0,1,1,1,2,6,0,0,0,0.2,0.273,0.3,0.573
Austin Allen,SD,C,9,19,1,3,1,0,0,1,0,0,1,4,0,0,0,0.158,0.2,0.211,0.411
Alex Dickerson,SD,OF,12,19,1,3,0,0,0,2,0,0,0,7,0,0,0,0.158,0.158,0.158,0.316
Josh Fuentes,COL,3B,9,18,2,2,0,0,0,0,0,0,0,8,0,0,0,0.111,0.111,0.111,0.222
Luis Arraez,MIN,2B,8,18,4,7,1,0,1,2,0,0,4,1,0,1,0,0.389,0.478,0.611,1.089
Luis Guillorme,NYM,3B,11,18,3,3,0,0,0,0,0,0,1,6,0,0,0,0.167,0.211,0.167,0.378
Josh VanMeter,CIN,2B,12,18,1,3,1,0,0,3,1,0,3,5,0,0,1,0.167,0.318,0.222,0.54
Caleb Joseph,ARI,C,9,17,2,3,1,0,0,2,0,0,0,4,0,0,0,0.176,0.176,0.235,0.411
Drew Butera,COL,C,7,17,4,3,2,0,0,0,0,0,1,4,1,0,0,0.176,0.222,0.294,0.516
Brock Holt,BOS,2B,6,16,0,1,0,0,0,1,0,0,2,7,0,0,1,0.063,0.211,0.063,0.274
Adrian Sanchez,WAS,2B,14,16,1,4,0,0,0,0,0,0,0,5,0,0,0,0.25,0.25,0.25,0.5
Phillip Ervin,CIN,OF,10,16,2,4,1,1,0,2,0,1,4,7,0,0,0,0.25,0.4,0.438,0.838
Kevin Pillar,TOR,OF,5,16,1,1,0,0,0,1,0,0,0,3,0,1,0,0.063,0.059,0.063,0.122
Taylor Davis,CHC,C,6,15,2,3,0,0,1,4,0,0,2,4,0,0,0,0.2,0.294,0.4,0.694
Franchy Cordero,SD,OF,9,15,2,5,1,0,0,1,1,0,4,7,0,1,0,0.333,0.45,0.4,0.85
Frank Schwindel,KC,1B,6,15,0,1,0,0,0,0,0,0,0,2,0,0,0,0.067,0.067,0.067,0.134
Connor Joe,SF,OF,8,15,1,1,0,0,0,0,0,0,1,5,0,0,0,0.067,0.125,0.067,0.192
Jake Lamb,ARI,3B,5,15,1,4,1,0,0,2,0,0,3,6,0,0,0,0.267,0.389,0.333,0.722
Rocky Gale,LAD,C,5,15,1,2,0,0,0,0,0,0,0,7,0,0,0,0.133,0.133,0.133,0.266
Mike Gerber,SF,OF,4,15,0,1,1,0,0,0,0,0,1,9,0,0,0,0.067,0.125,0.133,0.258
Kyle Higashioka,NYY,C,4,15,2,3,2,0,0,1,0,0,0,6,0,1,0,0.2,0.188,0.333,0.521
Jared Walsh,LAA,1B,6,14,1,5,1,0,0,1,0,0,1,6,0,0,0,0.357,0.4,0.429,0.829
Josh Naylor,SD,OF,3,14,0,3,1,0,0,2,0,0,0,6,0,0,0,0.214,0.214,0.286,0.5
Christian Arroyo,TB,3B,6,14,0,3,0,0,0,2,0,0,1,10,0,0,0,0.214,0.267,0.214,0.481
Erik Kratz,TB,C,5,13,0,1,0,0,0,0,0,0,0,6,0,0,0,0.077,0.077,0.077,0.154
Corey Dickerson,PIT,OF,4,13,1,2,1,0,1,2,0,0,3,3,0,0,0,0.154,0.313,0.462,0.775
Keon Broxton,BAL,OF,3,12,2,5,1,0,1,3,0,0,1,5,0,0,0,0.417,0.462,0.75,1.212
Jake Noll,WAS,2B,8,12,1,2,1,0,0,2,0,0,1,4,0,0,0,0.167,0.231,0.25,0.481
Andrew Stevenson,WAS,OF,9,12,3,3,0,0,0,0,0,0,2,4,0,0,1,0.25,0.4,0.25,0.65
Yonathan Daza,COL,OF,3,11,0,0,0,0,0,0,0,0,1,4,0,0,0,0,0.083,0,0.083
Troy Tulowitzki,NYY,SS,5,11,1,2,1,0,1,1,0,0,2,4,0,0,0,0.182,0.308,0.545,0.853
Jacob Stallings,PIT,C,4,11,1,3,0,0,0,0,0,0,0,3,0,0,0,0.273,0.273,0.273,0.546
Lane Thomas,STL,OF,9,10,1,4,0,0,1,4,1,0,1,1,0,0,0,0.4,0.455,0.7,1.155
Alex Jackson,ATL,C,3,10,0,0,0,0,0,0,0,0,1,3,0,0,0,0,0.091,0,0.091
Cavan Biggio,TOR,2B,3,10,1,3,0,0,1,2,0,0,0,3,0,0,0,0.3,0.3,0.6,0.9
Andrew Velazquez,TB,SS,8,9,1,1,1,0,0,0,0,0,0,4,0,0,0,0.111,0.111,0.222,0.333
Michael Reed,SF,OF,4,8,0,0,0,0,0,0,0,0,0,6,0,0,0,0,0,0,0
Giancarlo Stanton,NYY,OF,3,8,1,2,0,0,0,0,0,0,7,4,0,0,0,0.25,0.6,0.25,0.85
Rajai Davis,NYM,OF,4,7,2,2,0,0,1,3,0,0,0,2,0,0,0,0.286,0.286,0.714,1
Drew Robinson,STL,OF,5,7,1,1,0,0,0,0,0,0,0,3,0,0,0,0.143,0.143,0.143,0.286
Mike Yastrzemski,SF,OF,2,7,2,3,1,0,0,0,0,0,0,3,0,0,1,0.429,0.5,0.571,1.071
Sam Travis,BOS,1B,2,7,0,2,0,0,0,0,0,0,0,0,0,0,0,0.286,0.286,0.286,0.572
Skye Bolt,OAK,OF,4,7,1,1,1,0,0,0,0,0,1,2,0,0,0,0.143,0.25,0.286,0.536
Taylor Ward,LAA,3B,4,7,0,1,1,0,0,0,0,0,0,5,0,0,0,0.143,0.143,0.286,0.429
Nick Ciuffo,TB,C,3,6,0,1,0,0,0,0,0,0,0,3,0,0,0,0.167,0.167,0.167,0.334
Eric Haase,CLE,C,2,6,0,0,0,0,0,0,0,0,1,4,0,0,0,0,0.143,0,0.143
Aramis Garcia,SF,1B,3,6,2,1,0,0,1,2,0,0,1,4,0,0,0,0.167,0.286,0.667,0.953
Kevin Cron,ARI,1B,3,6,1,1,1,0,0,2,0,0,0,3,0,1,0,0.167,0.143,0.333,0.476
Kyle Seager,SEA,3B,2,6,1,2,1,0,0,0,0,0,1,1,0,0,1,0.333,0.5,0.5,1
Aaron Altherr,NYM,OF,2,6,1,1,0,0,1,1,0,0,0,2,0,0,0,0.167,0.167,0.667,0.834
Jose Pirela,SD,2B,2,5,0,0,0,0,0,0,0,0,0,3,0,0,0,0,0,0,0
Ichiro Suzuki,SEA,OF,2,5,0,0,0,0,0,0,0,0,1,1,0,0,0,0,0.167,0,0.167
Anthony Bemboom,TB,C,3,5,0,2,1,0,0,1,0,0,0,2,0,0,0,0.4,0.4,0.6,1
Seby Zavala,CWS,C,2,5,0,0,0,0,0,0,0,0,0,5,0,0,0,0,0,0,0
Jacob Nottingham,MIL,C,5,4,1,2,0,0,1,4,0,0,0,1,0,0,0,0.5,0.5,1.25,1.75
Derek Fisher,HOU,OF,3,4,0,1,0,0,0,0,0,0,0,1,0,0,0,0.25,0.25,0.25,0.5
Tyler Austin,MIN,1B,2,4,1,1,1,0,0,0,0,0,1,3,0,0,0,0.25,0.4,0.5,0.9
Bryan Holaday,MIA,C,1,3,0,0,0,0,0,0,0,0,0,1,0,0,0,0,0,0,0
Drew Jackson,BAL,SS,3,3,0,0,0,0,0,0,0,0,1,1,0,0,0,0,0.25,0,0.25
Anthony Alford,TOR,OF,1,3,0,0,0,0,0,0,0,0,0,1,0,0,0,0,0,0,0
Kyle Garlick,LAD,OF,3,3,0,0,0,0,0,0,0,0,0,1,0,0,0,0,0,0,0
Anthony Santander,BAL,OF,1,2,2,1,0,0,1,1,0,0,1,1,0,0,1,0.5,0.75,2,2.75
Mitch Walding,PHI,3B,2,2,0,0,0,0,0,0,0,0,0,2,0,0,0,0,0,0,0
David Freitas,SEA,C,1,2,1,0,0,0,0,1,0,0,1,0,0,1,0,0,0.25,0,0.25
Noel Cuevas,COL,OF,1,2,0,0,0,0,0,0,0,0,0,0,0,0,0,0,0,0,0
Dustin Garneau,LAA,C,2,2,1,0,0,0,0,0,0,0,2,1,0,0,0,0,0.5,0,0.5
Tyler Saladino,MIL,SS,2,2,0,0,0,0,0,0,0,0,0,1,0,0,0,0,0,0,0
Aaron Altherr,SF,OF,1,1,0,0,0,0,0,0,0,0,0,1,0,0,0,0,0,0,0
Jose Osuna,PIT,1B,1,1,0,0,0,0,0,0,0,0,0,0,0,0,0,0,0,0,0
Travis d'Arnaud,LAD,C,1,1,0,0,0,0,0,0,0,0,0,0,0,0,0,0,0,0,0
Victor Reyes,DET,OF,1,1,0,1,0,0,0,0,0,0,0,0,0,0,0,1,1,1,2
Dylan Cozens,PHI,OF,1,1,0,0,0,0,0,0,0,0,0,0,0,0,0,0,0,0,0
